{"sections":{"53627747-0f24-4912-b9a6-81fcbe617c60":{"type":"collagepc","blocks":{"template--16725387149524__53627747-0f24-4912-b9a6-81fcbe617c60-1686276984136f52a6-0":{"type":"image","settings":{"image_width":"col-md-12","image":"shopify:\/\/shop_images\/2_75906e7c-878b-4d7e-b3a9-28d82ae2fc7c.webp","heading":"","heading_size":"h2","subheading":"","link":"","btn_text":"","button_size":"xsmall","overlayopacity":0,"desktop_content_position":"d-center","mobile_content_position":"m-center","overlaycolor":"#000000","textcolor":"#000000","button_text_color":"#ffffff","button_bg_color":"#000000","button_border_color":"#000000"}}},"block_order":["template--16725387149524__53627747-0f24-4912-b9a6-81fcbe617c60-1686276984136f52a6-0"],"settings":{"enable_fullwidth":true,"space_in_images":false,"image_layout":"sharp","bgcolor":"primary","top_space_desktop":0,"bottom_space_desktop":0,"top_space_mobile":0,"bottom_space_mobile":0}},"2db08e92-d009-4111-b584-f50e7cd7cd8f":{"type":"collagemobile","blocks":{"template--16725387149524__2db08e92-d009-4111-b584-f50e7cd7cd8f-1686276977e45c83a8-0":{"type":"image","settings":{"image_width":"col-md-12","image":"shopify:\/\/shop_images\/imgmobile.webp","heading":"","heading_size":"h3","subheading":"","link":"","btn_text":"","button_size":"xsmall","overlayopacity":0,"desktop_content_position":"d-center","mobile_content_position":"m-center","overlaycolor":"#000000","textcolor":"#000000","button_text_color":"#ffffff","button_bg_color":"#000000","button_border_color":"#000000"}}},"block_order":["template--16725387149524__2db08e92-d009-4111-b584-f50e7cd7cd8f-1686276977e45c83a8-0"],"settings":{"enable_fullwidth":true,"space_in_images":false,"image_layout":"sharp","bgcolor":"primary","top_space_desktop":0,"bottom_space_desktop":0,"top_space_mobile":0,"bottom_space_mobile":0}},"b97533f8-6207-42c3-9454-e1b4fc2f28a5":{"type":"slider","blocks":{"template--16722707054804__b97533f8-6207-42c3-9454-e1b4fc2f28a5-16856935221c5924c0-3":{"type":"slide","settings":{"image":"shopify:\/\/shop_images\/47ddbf91304ff07d88d2e4f3c4dc13ea.jpg","image_mobile":"shopify:\/\/shop_images\/1_8ff91721-f923-49bf-9f63-9692d1a29a65.jpg","videofile":"","banner_subtitle":"","banner_title":"","banner_desc":"","desktop_title_size":70,"mobile_title_size":36,"button_text":"","button_link":"shopify:\/\/collections\/best-selling-products","button_size":"default","desktop_content_position":"d-center","mobile_content_position":"m-center","title_color":"#000000","subtitle_color":"#000000","subtitle_bgcolor":"#dcdcdc","desc_color":"#000000","btn_bg":"#000000","btn_text":"#ffffff","btn_border":"#000000","title_color_m":"#ffffff","subtitle_color_m":"#000000","subtitle_bgcolor_m":"#dcdcdc","desc_color_m":"#ffffff","btn_bg_m":"#ffffff","btn_text_m":"#000000","btn_border_m":"#ffffff"}},"template--16722707054804__b97533f8-6207-42c3-9454-e1b4fc2f28a5-16856935221c5924c0-0":{"type":"slide","settings":{"image":"shopify:\/\/shop_images\/bob_1.jpg","image_mobile":"shopify:\/\/shop_images\/bob_1_df940e1f-fbc6-4a42-bece-bdea47cacc5a.jpg","videofile":"","banner_subtitle":"","banner_title":"","banner_desc":"","desktop_title_size":70,"mobile_title_size":36,"button_text":"","button_link":"shopify:\/\/products\/4x4-lace-closure-bob-wigs-swiss-lace-wig-human-hair-straight-pre-plucked-hairline-natural-black-brazilian-remy-hair","button_size":"default","desktop_content_position":"d-center","mobile_content_position":"m-center","title_color":"#000000","subtitle_color":"#000000","subtitle_bgcolor":"#dcdcdc","desc_color":"#000000","btn_bg":"#000000","btn_text":"#ffffff","btn_border":"#000000","title_color_m":"#ffffff","subtitle_color_m":"#000000","subtitle_bgcolor_m":"#dcdcdc","desc_color_m":"#ffffff","btn_bg_m":"#ffffff","btn_text_m":"#000000","btn_border_m":"#ffffff"}},"template--16722707054804__b97533f8-6207-42c3-9454-e1b4fc2f28a5-16856935221c5924c0-2":{"type":"slide","settings":{"image":"shopify:\/\/shop_images\/1a71caf5aa4b4d9aa49397b01f60a826.jpg","image_mobile":"shopify:\/\/shop_images\/0e59863d6372f2a2d6c242f437190a6c.jpg","videofile":"","banner_subtitle":"","banner_title":"","banner_desc":"","desktop_title_size":70,"mobile_title_size":36,"button_text":"","button_link":"shopify:\/\/collections\/13x4-lace-front-wig","button_size":"default","desktop_content_position":"d-center","mobile_content_position":"m-center","title_color":"#000000","subtitle_color":"#000000","subtitle_bgcolor":"#dcdcdc","desc_color":"#000000","btn_bg":"#000000","btn_text":"#ffffff","btn_border":"#000000","title_color_m":"#ffffff","subtitle_color_m":"#000000","subtitle_bgcolor_m":"#dcdcdc","desc_color_m":"#ffffff","btn_bg_m":"#ffffff","btn_text_m":"#000000","btn_border_m":"#ffffff"}}},"block_order":["template--16722707054804__b97533f8-6207-42c3-9454-e1b4fc2f28a5-16856935221c5924c0-3","template--16722707054804__b97533f8-6207-42c3-9454-e1b4fc2f28a5-16856935221c5924c0-0","template--16722707054804__b97533f8-6207-42c3-9454-e1b4fc2f28a5-16856935221c5924c0-2"],"settings":{"nav_style":"dots","content_below_image":false,"rotate":true,"interval":4,"desktop_height":"adapt_image","mobile_height":"adapt_image","bgcolor":"secondary"}},"d6759170-3546-49c3-bac8-8e6c80cdee5b":{"type":"collage","blocks":{"template--16722707054804__d6759170-3546-49c3-bac8-8e6c80cdee5b-1685928637588ed53d-0":{"type":"image","settings":{"image_width":"col-md-12","image":"shopify:\/\/shop_images\/DISCOUNT.jpg","heading":"","heading_size":"h3","subheading":"","link":"","btn_text":"","button_size":"xsmall","overlayopacity":0,"desktop_content_position":"d-center","mobile_content_position":"m-center","overlaycolor":"#000000","textcolor":"#000000","button_text_color":"#ffffff","button_bg_color":"#000000","button_border_color":"#000000"}}},"block_order":["template--16722707054804__d6759170-3546-49c3-bac8-8e6c80cdee5b-1685928637588ed53d-0"],"settings":{"enable_fullwidth":false,"space_in_images":false,"image_layout":"rounded","bgcolor":"primary","top_space_desktop":0,"bottom_space_desktop":20,"top_space_mobile":5,"bottom_space_mobile":20}},"44fcbb5b-e657-4a83-b259-b94d0a7ac3e7":{"type":"shouyegridview","blocks":{"template--16722707054804__44fcbb5b-e657-4a83-b259-b94d0a7ac3e7-16857608848e07a921-3":{"type":"logo_image","settings":{"image":"shopify:\/\/shop_images\/1S_SJQ20HVFBQG0QY_TUHFT.png","imgtitle":"Ready To Go","link":"shopify:\/\/collections\/bob-wig"}},"template--16722707054804__44fcbb5b-e657-4a83-b259-b94d0a7ac3e7-16857608848e07a921-0":{"type":"logo_image","settings":{"image":"shopify:\/\/shop_images\/zzzzzz.jpg","imgtitle":"Curly Wig","link":"shopify:\/\/collections\/curly-hair-wig"}},"template--16722707054804__44fcbb5b-e657-4a83-b259-b94d0a7ac3e7-16857608848e07a921-1":{"type":"logo_image","settings":{"image":"shopify:\/\/shop_images\/cccccccc.jpg","imgtitle":"Colored Wig","link":"shopify:\/\/collections\/new-arrivals"}},"template--16722707054804__44fcbb5b-e657-4a83-b259-b94d0a7ac3e7-16857608848e07a921-2":{"type":"logo_image","settings":{"image":"shopify:\/\/shop_images\/duanfga.png","imgtitle":"Pixie Wig","link":"shopify:\/\/collections\/pixie-wig"}},"abc07a72-bd4d-4d7e-b4c7-83d1edd57f26":{"type":"logo_image","settings":{"image":"shopify:\/\/shop_images\/9999.png","imgtitle":"3 Bundles","link":"shopify:\/\/collections\/hair-bundles-with-closure"}},"c263defe-3442-4d0b-8d53-4c328fc9ed1c":{"type":"logo_image","settings":{"image":"shopify:\/\/shop_images\/chanfa.png","imgtitle":"Straight Wig","link":"shopify:\/\/collections\/straight-hair-wig"}},"7fc57040-4ef8-4239-8c02-75321790b4eb":{"type":"logo_image","settings":{"image":"shopify:\/\/shop_images\/meinvv.png","imgtitle":"New Arrivals","link":"shopify:\/\/collections\/virgin-human-hair-wigs"}},"4edd0b23-485c-4529-8e8d-d0467f39c876":{"type":"logo_image","settings":{"image":"shopify:\/\/shop_images\/77777.png","imgtitle":"Combo Wig","link":"shopify:\/\/collections\/combo-offers"}},"b3b51457-62b9-455b-a138-f224186e204e":{"type":"logo_image","disabled":true,"settings":{"imgtitle":"","link":"shopify:\/\/collections\/13x4-lace-front-wig"}}},"block_order":["template--16722707054804__44fcbb5b-e657-4a83-b259-b94d0a7ac3e7-16857608848e07a921-3","template--16722707054804__44fcbb5b-e657-4a83-b259-b94d0a7ac3e7-16857608848e07a921-0","template--16722707054804__44fcbb5b-e657-4a83-b259-b94d0a7ac3e7-16857608848e07a921-1","template--16722707054804__44fcbb5b-e657-4a83-b259-b94d0a7ac3e7-16857608848e07a921-2","abc07a72-bd4d-4d7e-b4c7-83d1edd57f26","c263defe-3442-4d0b-8d53-4c328fc9ed1c","7fc57040-4ef8-4239-8c02-75321790b4eb","4edd0b23-485c-4529-8e8d-d0467f39c876","b3b51457-62b9-455b-a138-f224186e204e"],"custom_css":[".index-section {margin: 0 auto;}"],"settings":{"title":"","logo_opacity":100,"divider":false}},"99c19429-1ee6-4946-8111-fa9b72369dfd":{"type":"countdown-with-images","custom_css":["h2 {color: red; display: inline-block; margin-right: 1rem;}","#dealCountdown {display: inline-block;}",".yv-countdown-middle-content {padding: 0px 0px;}",".yv-countdown-center-content {}",".deal-counter-box {margin-bottom: 0px; padding-bottom: 0px;}",".yv-countdown-subtitle {margin-bottom: 0px;}",".sd-slider-dots-wrapper,.yv-countdown-content-wrapper {\/* margin-left: 2rem; *\/}","ul > li:first-child {display: none;}","ul > li:nth-child(2) {display: none;}"],"settings":{"show_as_banner":false,"fullwidth_banner":false,"heading":"Flash sale","subheading":"","description":"","date":"30\/06\/2024","hide_section":true,"banner_content_position":"center","btn_text":"","btn_link":"shopify:\/\/collections\/all","button_size":"small","overlay_color":"#ffffff","overlay_opacity":50,"bg_color":"","text_color":"#000000","timer_text_color":"#ffffff","timer_bg_color":"#000000","button_text_color":"#ffffff","button_bg_color":"#000000","button_border_color":"#000000","top_space_desktop":45,"bottom_space_desktop":40,"top_space_mobile":35,"bottom_space_mobile":35}},"ff2c9f77-00f0-4c50-8629-6cba1b52631c":{"type":"tabbed-collections","blocks":{"c1b78e65-8818-47c9-9103-97cd431611c8":{"type":"collection","settings":{"heading":"","collection":"bob-wig","link":"shopify:\/\/collections\/bob-wig"}}},"block_order":["c1b78e65-8818-47c9-9103-97cd431611c8"],"custom_css":[".yv-collection-product-grid .flickity-prev-next-button {@media only screen and (max-width: 768px) {display: none; } @media only screen and (min-width: 768px) {display: block; }}",".yv-collection-product-grid {@media (max-width: 767px) {padding-bottom: 0px; }}",".yv-product-information a {overflow: hidden; text-overflow: ellipsis; display: -webkit-box; -webkit-box-orient: vertical; -webkit-line-clamp: 2;}",".stock-status {display: none;}",".yv-product-card-img .discounts {display: none;}",".yv-prizebox .yv-product-price span.money {color: #57218c;}"],"settings":{"heading":"","tabs_position":"bottom","tabs_alignment":"left-start","products_style":"carousel","hide_tab_name":true,"show_tabs_border":true,"bgcolor":"primary","top_space_desktop":0,"bottom_space_desktop":15,"top_space_mobile":0,"bottom_space_mobile":0}},"34a87532-23f1-4b7f-b4f0-96596d664160":{"type":"spacer","settings":{"height_desktop":2,"height_mobile":1,"bgcolor":"secondary"}},"bee01dd5-0970-467a-b334-c6be854883a7":{"type":"tabbed-collections","blocks":{"491cea1e-fd44-4fc2-93af-2fdd235ad54d":{"type":"collection","settings":{"heading":"","collection":"best-selling-products","link":"shopify:\/\/collections\/best-selling-products"}}},"block_order":["491cea1e-fd44-4fc2-93af-2fdd235ad54d"],"custom_css":[".yv-collection-product-grid .flickity-prev-next-button {@media only screen and (max-width: 768px) {display: none; } @media only screen and (min-width: 768px) {display: block; }}",".yv-collection-product-grid {@media (max-width: 767px) {padding-bottom: 0px; }}",".yv-product-information a {overflow: hidden; text-overflow: ellipsis; display: -webkit-box; -webkit-box-orient: vertical; -webkit-line-clamp: 2;}",".stock-status {display: none;}",".yv-product-card-img .discounts {display: none;}",".yv-prizebox .yv-product-price span.money {color: #57218c;}"],"settings":{"heading":"Best Sellers","tabs_position":"bottom","tabs_alignment":"left-start","products_style":"carousel","hide_tab_name":true,"show_tabs_border":true,"bgcolor":"primary","top_space_desktop":40,"bottom_space_desktop":15,"top_space_mobile":20,"bottom_space_mobile":0}},"422516e4-aedc-4241-b472-48aa74281ec1":{"type":"spacer","settings":{"height_desktop":2,"height_mobile":1,"bgcolor":"secondary"}},"5272e58f-fd36-44cf-a250-153f5dec1ed9":{"type":"tabbed-collectionstwo","blocks":{"11f4fb1e-6231-4d79-9c74-497b5c61445b":{"type":"collection","settings":{"heading":"Recommended","collection":"13x4-lace-front-wig","link":"shopify:\/\/collections\/13x4-lace-front-wig"}},"1bc2febb-9b23-4d81-a9d5-b86d039eec70":{"type":"collection","settings":{"heading":"New In","collection":"virgin-human-hair-wigs","link":"shopify:\/\/collections\/virgin-human-hair-wigs"}}},"block_order":["11f4fb1e-6231-4d79-9c74-497b5c61445b","1bc2febb-9b23-4d81-a9d5-b86d039eec70"],"custom_css":[".yv-product-information a {overflow: hidden; text-overflow: ellipsis; display: -webkit-box; -webkit-box-orient: vertical; -webkit-line-clamp: 2;}",".stock-status {display: none;}",".yv-product-card-img .discounts {display: none;}",".yv-prizebox .yv-product-price span.money {color: #57218c;}",".yv-collection-product-grid .yv-product-card {@media (max-width: 786px) {max-width: 50%; flex: 0 0 50%; width: 50%; padding: 0 5px; }}"],"settings":{"heading":"Recommendation","tabs_position":"bottom","tabs_alignment":"center-center","products_style":"stacked","hide_tab_name":false,"show_tabs_border":true,"bgcolor":"primary","top_space_desktop":40,"bottom_space_desktop":20,"top_space_mobile":15,"bottom_space_mobile":15}},"5d9273d6-9b4e-415d-b771-bf97390dd894":{"type":"spacer","settings":{"height_desktop":2,"height_mobile":1,"bgcolor":"secondary"}},"a6941c5d-4e9d-4a05-a4cf-1803b9333f58":{"type":"rich-text","blocks":{"template--16726987407572__a6941c5d-4e9d-4a05-a4cf-1803b9333f58-1686724998d9afcf19-0":{"type":"richtext","settings":{"heading":"Promotions","content":""}}},"block_order":["template--16726987407572__a6941c5d-4e9d-4a05-a4cf-1803b9333f58-1686724998d9afcf19-0"],"settings":{"content_alignment":"center","bgcolor":"primary","top_space_desktop":20,"bottom_space_desktop":0,"top_space_mobile":20,"bottom_space_mobile":0}},"d8fe2ef9-04ff-4424-a45b-38b1a3ef3cec":{"type":"collage","blocks":{"template--16722707054804__d8fe2ef9-04ff-4424-a45b-38b1a3ef3cec-1685928637588ed53d-0":{"type":"image","settings":{"image_width":"col-md-6","image":"shopify:\/\/shop_images\/1_7ea3b6a2-0067-45cc-851d-c972d8d069df.jpg","heading":"","heading_size":"h2","subheading":"","link":"shopify:\/\/collections\/4x4-lace-closure-wig","btn_text":"","button_size":"xsmall","overlayopacity":0,"desktop_content_position":"d-center","mobile_content_position":"m-center","overlaycolor":"#000000","textcolor":"#000000","button_text_color":"#ffffff","button_bg_color":"#000000","button_border_color":"#000000"}},"template--16722707054804__d8fe2ef9-04ff-4424-a45b-38b1a3ef3cec-1685928637588ed53d-1":{"type":"image","settings":{"image_width":"col-md-6","image":"shopify:\/\/shop_images\/2_391b4be5-b234-45fe-b383-76d784af475b.jpg","heading":"","heading_size":"h2","subheading":"","link":"shopify:\/\/collections\/virgin-human-hair-wigs","btn_text":"","button_size":"xsmall","overlayopacity":0,"desktop_content_position":"d-center","mobile_content_position":"m-center","overlaycolor":"#000000","textcolor":"#000000","button_text_color":"#ffffff","button_bg_color":"#000000","button_border_color":"#000000"}},"f508c541-ac2a-4ffd-958c-7b4db47a3610":{"type":"image","settings":{"image_width":"col-md-6","image":"shopify:\/\/shop_images\/4_9371e7b6-ecb1-45c0-8432-f90a7f3d64b8.jpg","heading":"","heading_size":"h2","subheading":"","link":"shopify:\/\/collections\/13x4-lace-front-wig","btn_text":"","button_size":"xsmall","overlayopacity":0,"desktop_content_position":"d-center","mobile_content_position":"m-center","overlaycolor":"#000000","textcolor":"#000000","button_text_color":"#ffffff","button_bg_color":"#000000","button_border_color":"#000000"}},"54a969aa-813c-47df-9b14-b0221181ded1":{"type":"image","settings":{"image_width":"col-md-6","image":"shopify:\/\/shop_images\/3_bdfc80ac-30f0-4259-b3fb-38c0d427d0d6.jpg","heading":"","heading_size":"h2","subheading":"","link":"shopify:\/\/collections\/clearance-sale","btn_text":"","button_size":"xsmall","overlayopacity":0,"desktop_content_position":"d-center","mobile_content_position":"m-center","overlaycolor":"#000000","textcolor":"#000000","button_text_color":"#ffffff","button_bg_color":"#000000","button_border_color":"#000000"}}},"block_order":["template--16722707054804__d8fe2ef9-04ff-4424-a45b-38b1a3ef3cec-1685928637588ed53d-0","template--16722707054804__d8fe2ef9-04ff-4424-a45b-38b1a3ef3cec-1685928637588ed53d-1","f508c541-ac2a-4ffd-958c-7b4db47a3610","54a969aa-813c-47df-9b14-b0221181ded1"],"custom_css":[".yv-gallery-collage-img img {width: 100%; height: 100%; object-fit: contain; transition: 1s; z-index: 1; object-position: var(--imageFocal);}",".yv-gallery-collage-outer.space-around .col-12 {margin: 0px;}"],"settings":{"enable_fullwidth":false,"space_in_images":true,"image_layout":"sharp","bgcolor":"primary","top_space_desktop":50,"bottom_space_desktop":50,"top_space_mobile":20,"bottom_space_mobile":20}},"9fe78f99-a723-4384-97f0-0ab9a53d574e":{"type":"featured-collections-carousel","disabled":true,"blocks":{"template--16809124069669__9fe78f99-a723-4384-97f0-0ab9a53d574e-1667804924ee962633-0":{"type":"collection","settings":{"collection":"13x4-lace-front-wig","heading":"","subheading":"","headingcolor":"#000000","subheadingcolor":"#000000"}},"template--16809124069669__9fe78f99-a723-4384-97f0-0ab9a53d574e-1667804924ee962633-1":{"type":"collection","settings":{"collection":"13x4-lace-frontal","heading":"","subheading":"","headingcolor":"#000000","subheadingcolor":"#000000"}},"template--16809124069669__9fe78f99-a723-4384-97f0-0ab9a53d574e-1667804924ee962633-2":{"type":"collection","settings":{"collection":"13x6-lace-front-wig","heading":"","subheading":"","headingcolor":"#000000","subheadingcolor":"#000000"}},"template--16809124069669__9fe78f99-a723-4384-97f0-0ab9a53d574e-1667804924ee962633-3":{"type":"collection","settings":{"collection":"wig","heading":"","subheading":"","headingcolor":"#000000","subheadingcolor":"#000000"}}},"block_order":["template--16809124069669__9fe78f99-a723-4384-97f0-0ab9a53d574e-1667804924ee962633-0","template--16809124069669__9fe78f99-a723-4384-97f0-0ab9a53d574e-1667804924ee962633-1","template--16809124069669__9fe78f99-a723-4384-97f0-0ab9a53d574e-1667804924ee962633-2","template--16809124069669__9fe78f99-a723-4384-97f0-0ab9a53d574e-1667804924ee962633-3"],"settings":{"style":"style1","enable_fullwidth":false,"heading":"Collection carousel","subheading":"New Collection","description":"Share information about your collection with customers. Describe a collection, make announcements related to your collection.","btntext":"View All","btnlink":"shopify:\/\/collections","button_size":"small","bgcolor":"primary","top_space_desktop":40,"bottom_space_desktop":40,"top_space_mobile":35,"bottom_space_mobile":35}},"68308063-acc3-49e6-9c90-614940223b61":{"type":"spacer","settings":{"height_desktop":2,"height_mobile":1,"bgcolor":"secondary"}},"b7c1e742-0b50-48f2-ad92-0eb133950c15":{"type":"gallery-carousel","blocks":{"template--16722707054804__b7c1e742-0b50-48f2-ad92-0eb133950c15-1685696806194234ff-0":{"type":"image","settings":{"heading":"","subheading":"","image":"shopify:\/\/shop_images\/Snapinsta.app_346661544_620261456405228_5927217812953403996_n_1024_1.jpg","link":"shopify:\/\/products\/13x1-highlight-straight-bob-wig-ombre-hair-wig-straight-lace-frontal-wig-for-black-women-remy-hair-human-wig"}},"template--16722707054804__b7c1e742-0b50-48f2-ad92-0eb133950c15-1685696806194234ff-1":{"type":"image","settings":{"heading":"","subheading":"","image":"shopify:\/\/shop_images\/Snapinsta.app_1080_293361296_3249936378611745_896448370691446765_n.jpg","link":"https:\/\/superlovehair.com\/products\/superlove-hair-straight-hair-13x4-lace-front-wig-peruvian-human-hair-free-shipping-in-sa-1?variant=40856435491005"}},"template--16722707054804__b7c1e742-0b50-48f2-ad92-0eb133950c15-1685696806194234ff-2":{"type":"image","settings":{"heading":"","subheading":"","image":"shopify:\/\/shop_images\/360-Lace-Wig-Straight-Hair-2_0-2_3052cab1-82d6-404d-b4ac-e6e88ca2dc37.jpg","link":"https:\/\/superlovehair.com\/collections\/360-lace-wigs\/products\/360-hd-transparent-lace-front-wigs-brazilian-straight-human-hair-pre-plucked-with-baby-hair-natural-color-24-inch"}},"70c6aa27-7ada-438b-9d87-7dee7d68a4af":{"type":"image","settings":{"heading":"","subheading":"","image":"shopify:\/\/shop_images\/Short-Bob-Human-Hair-Wig-With-Bangs-Fringe-Cheap-Full-Machine-Made-Glueless-For-Black-Women.jpg","link":"https:\/\/superlovehair.com\/products\/13x1-t-part-short-bob-lace-front-wigs-human-hair-straight-bob-wig"}},"5a930456-9510-4054-842d-5626e2104889":{"type":"image","settings":{"heading":"","subheading":"","image":"shopify:\/\/shop_images\/zhutu-23_6_de73114d-0256-409c-9807-43a64f74e282.jpg","link":"https:\/\/superlovehair.com\/collections\/bob-wig\/products\/water-wave-short-bob-wig-10-14-inch-4x4-lace-closure-peruvian-human-hair-wigs"}}},"block_order":["template--16722707054804__b7c1e742-0b50-48f2-ad92-0eb133950c15-1685696806194234ff-0","template--16722707054804__b7c1e742-0b50-48f2-ad92-0eb133950c15-1685696806194234ff-1","template--16722707054804__b7c1e742-0b50-48f2-ad92-0eb133950c15-1685696806194234ff-2","70c6aa27-7ada-438b-9d87-7dee7d68a4af","5a930456-9510-4054-842d-5626e2104889"],"custom_css":[".yv-gallery-img {@media (max-width: 480px) {height: 270px; } @media (max-width: 575px) {height: 300px; } @media (max-width: 767px) {height: 360px; } @media (min-width: 768px) {height: 400px; }}"],"settings":{"enable_fullwidth":true,"heading":"Share By Customer","gallery_style":"swipe","slide_direction":"right","image_style":"square","image_size":"large","image_crop":false,"image_background":true,"bgcolor":"primary","top_space_desktop":45,"bottom_space_desktop":45,"top_space_mobile":35,"bottom_space_mobile":0}},"f28b0184-0fd8-4ef4-839f-87c2451e09bd":{"type":"video-section","disabled":true,"custom_css":["@media only screen and (min-width: 768px) {.video-banner-section {margin-left: 10%; max-width: 40%; min-width: 40%; display: inline-block; vertical-align: middle; }}"],"settings":{"videofile":"https:\/\/www.youtube.com\/watch?v=sAs6GleS8aw","poster":"shopify:\/\/shop_images\/New.jpg","fullwidth":false,"desktop_height":400,"mobile_height":270,"autoplay":false,"video_size":"cover","bg_pattern":"none","title":"","subtitle":"","overlay_content":false,"title_color":"#000000","subtitle_color":"#000000","btn_color":"#000000","overlay_color":"#ffffff","overlay_opacity":0}},"4ad0eb69-c836-496c-891c-0a72807d3d6f":{"type":"rich-text","disabled":true,"blocks":{"template--16729182372052__4ad0eb69-c836-496c-891c-0a72807d3d6f-1686899899295bffbb-0":{"type":"richtext","settings":{"heading":"SUPERLOVE, FOR YOU","content":"<p>When your energy defines your look, switching it up is everything. Slay with a bob, serve a fierce color moment, or whip that 26” down your back. Unbox the Superlove. We always shook it up with a little something extra—for you. So do you sis!!<\/p>"}}},"block_order":["template--16729182372052__4ad0eb69-c836-496c-891c-0a72807d3d6f-1686899899295bffbb-0"],"custom_css":["@media only screen and (min-width: 768px) {.rich-text-section {max-width: 40%; min-width: 40%; display: inline-block; vertical-align: middle; }}"],"settings":{"content_alignment":"center","bgcolor":"primary","top_space_desktop":50,"bottom_space_desktop":0,"top_space_mobile":30,"bottom_space_mobile":30}},"d6fda1e2-6a67-4954-94ff-77f0a4288f61":{"type":"newsletter","settings":{"heading":"Join Our Newsletter","description":"Sign up it only takes a second to be the news.","placeholder":"Email Address","btn":"Subscribe","bgcolor":"secondary","button_text_color":"#ffffff","button_bg_color":"#000000","button_border_color":"#000000","top_space_desktop":40,"bottom_space_desktop":30,"top_space_mobile":30,"bottom_space_mobile":30}}},"order":["53627747-0f24-4912-b9a6-81fcbe617c60","2db08e92-d009-4111-b584-f50e7cd7cd8f","b97533f8-6207-42c3-9454-e1b4fc2f28a5","d6759170-3546-49c3-bac8-8e6c80cdee5b","44fcbb5b-e657-4a83-b259-b94d0a7ac3e7","99c19429-1ee6-4946-8111-fa9b72369dfd","ff2c9f77-00f0-4c50-8629-6cba1b52631c","34a87532-23f1-4b7f-b4f0-96596d664160","bee01dd5-0970-467a-b334-c6be854883a7","422516e4-aedc-4241-b472-48aa74281ec1","5272e58f-fd36-44cf-a250-153f5dec1ed9","5d9273d6-9b4e-415d-b771-bf97390dd894","a6941c5d-4e9d-4a05-a4cf-1803b9333f58","d8fe2ef9-04ff-4424-a45b-38b1a3ef3cec","9fe78f99-a723-4384-97f0-0ab9a53d574e","68308063-acc3-49e6-9c90-614940223b61","b7c1e742-0b50-48f2-ad92-0eb133950c15","f28b0184-0fd8-4ef4-839f-87c2451e09bd","4ad0eb69-c836-496c-891c-0a72807d3d6f","d6fda1e2-6a67-4954-94ff-77f0a4288f61"]}