{"sections":{"main-page":{"type":"main-page","settings":{"banner_height_desktop":"auto","banner_height_mobile":"auto","bgcolor":"#f3efec","textcolor":"#181818"}},"main":{"type":"contact-page-template","settings":{"contact_heading":"Support","phone_heading":"Phone","phone_number":"+27 617098888","email_heading":"email","email":"Email: superlovehair@outlook.com ","address_heading":"Address","address":"N16 China cash carry ,discovery dr ,crown mines","form_heading":"Contact Us","form_button":"SEND MESSAGE"}},"d4990aa8-00b1-4fd3-bf9d-3832c1bd440a":{"type":"map","settings":{"full_width":true,"mapaddress":"","map_style":"roadmap","image":"shopify:\/\/shop_images\/address1.png","content_position":"middle-left","desktop_height":"500px","m_content_position":"overlay","mobile_height":"500px","bgcolor":"primary"}},"ffdeadde-5060-4cc0-bf3c-1351ff984a59":{"type":"spacer","settings":{"height_desktop":2,"height_mobile":2,"bgcolor":"primary"}}},"order":["main-page","main","d4990aa8-00b1-4fd3-bf9d-3832c1bd440a","ffdeadde-5060-4cc0-bf3c-1351ff984a59"]}