{"sections":{"main-product":{"type":"main-product","blocks":{"fe3c09d6-15d2-4555-a0f5-c87ab0cf370f":{"type":"title","settings":{}},"c069e4ad-5908-400d-a0ad-e071aa04cf33":{"type":"review-star","settings":{}},"5540566c-63cd-4a90-b9b6-7707e45d7066":{"type":"price","settings":{}},"9db1533f-9baf-4eb6-869d-dd2b494b6990":{"type":"sku","disabled":true,"settings":{}},"8658b9a0-c9c5-4055-a2e1-56a8f49d0b68":{"type":"variant","settings":{"size_chart":""}},"811e6d87-a5e5-4457-9124-d3c2ed070ba9":{"type":"quantity","settings":{}},"5703bb21-e71c-4d35-8822-7cbcf77ff851":{"type":"custom_liquid","settings":{"custom_liquid":"<style>\n   p{\n@media(max-width:768px){\nfont-size: 13px;\n}\n    padding-bottom: \n   0.3rem;}\n  .coupon-copy {\n    cursor: pointer;\n    display: inline-block;\n    line-height: 0.7;\n    padding: 0.4rem 0.4rem;\n    border-radius: 0.3rem;\n    color: #fff1f1;\n    background-color: #0d0d0d;\n  }\n<\/style>\n<div class=\"product-form__custom-liquid\">\n  <div\n    style=\"\n      border: 1px dashed;\n      width: 100%;\n      padding:10px;\n      color: black;\n      font-size: 14px;\n    \"\n  >\n    <a style=\"color: #f64a00; font-weight: 700\">Use Discount on Payment Page<\/a>\n    👇👇👇\n    <p style=\"color: black\"><\/p>\n<div style=\"clear: both;\"><\/div>\n    <p>\n      <a style=\"color: #000\">🔥 Over R980 Get R100 OFF <\/a> Code:<a\n        style=\"color: #000\"\n      >\n        SUPER<\/a\n      >\n      <span\n        data-code=\"SUPER\"\n        class=\"coupon-copy\"\n        onclick=\"copyCode(event);\"\n\n        >copy<\/span\n      >\n    <\/p>\n<div style=\"clear: both;\"><\/div>\n    <p>\n      <a style=\"color: #000\">🔥 Over R2000 Get R200 OFF <\/a> Code:\n      <a style=\"color: #000\">LOVE<\/a>\n      <span\n        data-code=\"LOVE\"\n        class=\"coupon-copy\"\n        onclick=\"copyCode(event);\"\n\n\n        >copy<\/span\n      >\n    <\/p>\n<div style=\"clear: both;\"><\/div>\n    <p>\n      <a style=\"color: #000\">🔥 Over R3580 Get R400 OFF<\/a> Code:\n      <a style=\"color: #000\">HAIR<\/a>\n      <span\n        data-code=\"HAIR\"\n        class=\"coupon-copy\"\n        onclick=\"copyCode(event);\"\n\n        >copy<\/span\n      >\n    <\/p>\n<div style=\"clear: both;\"><\/div>\n    <p>\n      <a style=\"color: #000\">🔥 No-limit 10% Off Discount<\/a> Code  :\n      <a style=\"color: #000\">LV10<\/a>\n      <span\n        data-code=\"LV10\"\n        class=\"coupon-copy\"\n        onclick=\"copyCode(event);\"\n\n        >copy<\/span\n      >\n    <\/p>\n<div style=\"clear: both;\"><\/div>\n  <\/div>\n  <script>\n    function copyToClipboard(str) {\n      let el = document.createElement(\"textarea\");\n      el.value = str;\n      el.setAttribute(\"readonly\", \"\");\n      el.style.position = \"absolute\";\n      el.style.left = \"-9999px\";\n      document.body.appendChild(el);\n      let selected =\n        document.getSelection().rangeCount > 0\n          ? document.getSelection().getRangeAt(0)\n          : false;\n      el.select();\n      document.execCommand(\"copy\");\n      document.body.removeChild(el);\n      if (selected) {\n        document.getSelection().removeAllRanges();\n        document.getSelection().addRange(selected);\n      }\n    }\n    function copyCode(e) {\n      let $this = e.target;\n      copyToClipboard($this.getAttribute(\"data-code\"));\n      $this.innerText = \"copied!\";\n      setTimeout(function () {\n        $this.innerText = \"copy\";\n      }, 1500);\n    }\n  <\/script>\n<\/div>"}},"16819786-9d1e-449d-966d-08d21e1c91af":{"type":"button","settings":{"dynamic_checkout_btn":true,"enable_fullwidth":true,"show_subscriptions_plan":true,"show_recipient_form":false,"sticky_add_to_cart":true,"sticky_add_to_cart_position":"bottom"}},"fcc0a247-0956-4c02-97dd-6e968d6305c0":{"type":"icons","settings":{"icon1":"shipping","image1":"shopify:\/\/shop_images\/fa875127b10cd9b4020caafa40788c8a.png","heading1":"Free Shipping to SA","icon2":"shipping","image2":"shopify:\/\/shop_images\/Return_goods-query.png","heading2":"14 Day Return Guarantee","icon3":"shipping","image3":"shopify:\/\/shop_images\/da28bf20b1c253dc94bb7e083c7f935a.png","heading3":"3-5 Working Days to Delivery"}},"0b1be8f8-f7dd-4c88-8ddb-5859f4b59945":{"type":"custom_liquid","settings":{"custom_liquid":"<style>\n  \/* Tabs container *\/\n  .tabs {\n    display: flex;\n    flex-direction: column;\n    border-bottom: 1px solid #e1e1e1;\n    padding-bottom: 10px;\n    margin-bottom: 20px;\n  }\n\n  \/* Individual tab *\/\n  .tab {\n    font-size: 14px;\n    font-weight: 600;\n    color: black;\n    cursor: pointer;\n    position: relative;\n    padding-bottom: 5px;\n    text-transform: uppercase;\n    display: flex;\n    justify-content: space-between;\n  }\n\n  \/* Active tab *\/\n  .tab.active {\n    color: black;\n  }\n\n  \/* Tab content container *\/\n  .tab-content {\n    display: none;\n    line-height: 1.5;\n    font-size: 14px;\n  }\n\n  \/* Active tab content *\/\n  .tab-content.active {\n    display: block;\n  }\n\n  .tab-content > p {\n    padding-left: 20px;\n  }\n  \n   \/* Plus sign *\/\n   .plus-sign {\n     font-size:20px; \n     color:black; \n     cursor:pointer; \n     transition: transform .3s ease-in-out\n   }\n   \n   .rotate {\n     transform: rotate(90deg);\n   }\n<\/style>\n\n<div class=\"tabs\">\n   <div class=\"tab\" id=\"tab1\" onclick=\"switchTab(event, 'description')\">\n      <span>Description<\/span>\n      <span class=\"plus-sign\">+<\/span>\n   <\/div>\n   <div id=\"description\" class=\"tab-content\">\n      <p>{{ product.description }}<\/p>\n   <\/div>\n   <div class=\"tab\" id=\"tab2\" onclick=\"switchTab(event, 'FAQ&HELP')\">\n      <span>FAQ&HELP<\/span>\n      <span class=\"plus-sign\">+<\/span>\n   <\/div>\n   <div id=\"FAQ&HELP\" class=\"tab-content\">\n      <p>\n        <p>Superlove hair  always provides better quality hair and professional service<\/p>\n<p>Here are some questions you may concern.<\/p>\n<p><strong><span style=\"color: #9b1212;\">Q1 : How to order?<\/span><\/strong><\/p>\n<p>Pls search our website, choose the hair you like, select length, quantity and put them in cart ,fill in your shipping address , you can pay online by <strong>Credit Card or EFT through Payfast<\/strong>.  Once you pay, we will arrange fast shipping within 24 hours.<\/p>\n<p><span style=\"color: #9c1212;\"><strong>Q2: Struggling to pay online<\/strong><\/span><\/p>\n<p>If your card can't pay online, pls inbox our customer service, we also accept transfer or deposit<\/p>\n<p><span style=\"color: #9c1212;\"><strong>Q3: How long does the delivery take?<\/strong><\/span><\/p>\n<p>Your order is usually shipped within 24 hours once payment except weekend &amp; holiday from South Africa. After shipment you usually can get your package in 2-4 working days.<\/p>\n<p><strong><span style=\"color: #9b1212;\">Q4: How long can  the hair be used?<\/span><\/strong><\/p>\n<p>Depend on how you maintain hair, if you condition hair by proper way frequently, like 2-3 times per week, the hair can be used more than 12 months.<\/p>\n<p><span style=\"color: #9c1212;\"><strong>Q5: Is our store legit?<\/strong><\/span><\/p>\n<p>We have been doing wholesale and retail on human hair business more than 10 years, and we have own real shop and warehouse in South Africa. So you can trust us.<\/p>\n<p>Once you pay, we will keep you updated on your order. Such as offer you a tracking number in time, inform you the newest shipping information on your package, and remind you to sign up your parcel. what's more, you can find us on any social media on Instagram , Facebook, Twitter by superlovehair.<\/p>\n<p><strong><span style=\"color: #9b1212;\">Q6: How much are our hair products?<\/span><\/strong><\/p>\n<p>The price will show on the website page, different length, different type, different texture of our hair, the price are different, pls choose according to your favor.<\/p>\n<p><strong><span style=\"color: #9c1212;\">Q7: Can I visit your physical store and shop?<\/span><\/strong><\/p>\n<p>Sure, pls inbox our customer service to make a appointment in advance<\/p>\n<p><strong><span style=\"color: #9b1212;\">Q8: Which shipping way do you use?<\/span><\/strong><\/p>\n<p>1) If you choose Postnet to delivery, Pls fill in your nearest postnet site in address information.<\/p>\n<p>2) If you choose aramex or the courier guy, pls fill in your address clearly include the street name and apt Num.<\/p>\n<p><span style=\"color: #fa1010;\">Attentions: We don't accept PP.BOX address. Thanks for your cooperation.<\/span><\/p>\n<p><span style=\"color: #9b1212;\"><strong>Q9: Does the hair have a smell ?<\/strong><\/span><\/p>\n<p>The hair was only processed with the disinfection and nutrition treatment after collected from donors to keep the hair clean and nutritious, normally there will be a smell of shampoo and oil. But after u washed the hair, then the smell will be gone <\/p>\n<p><span style=\"color: #9c1212;\"><strong>Q10: Why are my hair extensions getting shedding?<\/strong><\/span><\/p>\n<p>Will it get shedding? : After the factory workers sew the hair pieces into a bundle, there might be some short pieces that are not attached to the weft, so when you first comb it or wash it, it will go out. That’s not shedding, comb them out and it will be fine. Besides the wefts are double drawn machine weft to prevent the shedding, if you have to cut the weft to adjust the hair volume to install, pls make sure to seal the edges of the wefts so that it won’t shed. And never wash or comb the hair with too much strength, it is virgin hair, it needs more of your love to take care of it, or it will break off.<\/p>\n<p><strong><span style=\"color: #9b1212;\">Q11. Why are my hair extensions getting tangled?<\/span><\/strong><\/p>\n<p>Your hair extensions can tangle due to dryness, dirt build-up, salt water, chlorine and not comb your hair daily. Make sure to wash &amp; condition your hair at least once a week, twice a week is better. Use hydrating drops or consult your stylist for more help.<\/p>\n<p><span style=\"color: #9c1212;\"><strong>Q12: What hair care products can I use?<\/strong><\/span><\/p>\n<p>Treat the hair just as it was your own hair. Use good quality shampoo and conditioning products.<\/p>\n<p>Conditioning your hair is very important to keep it soft and manageable.<\/p>\n<p>* Recommended shampoo and conditioner: Pantene.<\/p>\n<p>* For daily treatment and use: Olive oil or Argan oil. or hair mousse.<\/p>\n<p> <\/p>\n      <\/p>\n   <\/div>\n   <div class=\"tab\" id=\"tab3\" onclick=\"switchTab(event, 'HOW TO ORDER')\">\n      <span>HOW TO ORDER<\/span>\n      <span class=\"plus-sign\">+<\/span>\n   <\/div>\n   <div id=\"HOW TO ORDER\" class=\"tab-content\">\n      <p><div style=\"text-align: left;\"><img src=\"https:\/\/cdn.shopifycdn.net\/s\/files\/1\/0097\/8114\/9758\/files\/o1_2048x2048.jpg?v=1617161111\" alt=\"\" \/><img src=\"https:\/\/cdn.shopifycdn.net\/s\/files\/1\/0097\/8114\/9758\/files\/o2_2048x2048.jpg?v=1617161130\" alt=\"\" \/><img src=\"https:\/\/cdn.shopifycdn.net\/s\/files\/1\/0097\/8114\/9758\/files\/o3_2048x2048.jpg?v=1617161138\" alt=\"\" \/><img src=\"https:\/\/cdn.shopifycdn.net\/s\/files\/1\/0097\/8114\/9758\/files\/o5_2048x2048.jpg?v=1617161162\" alt=\"\" \/><img src=\"https:\/\/cdn.shopifycdn.net\/s\/files\/1\/0097\/8114\/9758\/files\/o6_2048x2048.jpg?v=1617161169\" alt=\"\" \/><img src=\"https:\/\/cdn.shopifycdn.net\/s\/files\/1\/0097\/8114\/9758\/files\/o7_2048x2048.jpg?v=1617161176\" alt=\"\" \/><\/div><\/p>\n   <\/div>\n<\/div>\n\n<script>\n   function switchTab(evt, tabName) {\n      let tabcontent = document.getElementById(tabName);\n      if (tabcontent.style.display === \"none\" || tabcontent.style.display === \"\") {\n         tabcontent.style.display = \"block\";\n         evt.currentTarget.className += \" active\";\n         evt.currentTarget.querySelector(\".plus-sign\").classList.add(\"rotate\");\n      } else {\n         tabcontent.style.display = \"none\";\n         evt.currentTarget.className = evt.currentTarget.className.replace(\" active\", \"\");\n         evt.currentTarget.querySelector(\".plus-sign\").classList.remove(\"rotate\");\n      }\n   }\n<\/script>"}}},"block_order":["fe3c09d6-15d2-4555-a0f5-c87ab0cf370f","c069e4ad-5908-400d-a0ad-e071aa04cf33","5540566c-63cd-4a90-b9b6-7707e45d7066","9db1533f-9baf-4eb6-869d-dd2b494b6990","8658b9a0-c9c5-4055-a2e1-56a8f49d0b68","811e6d87-a5e5-4457-9124-d3c2ed070ba9","5703bb21-e71c-4d35-8822-7cbcf77ff851","16819786-9d1e-449d-966d-08d21e1c91af","fcc0a247-0956-4c02-97dd-6e968d6305c0","0b1be8f8-f7dd-4c88-8ddb-5859f4b59945"],"custom_css":[".variant_option {max-width: 40%;}","#MainContent {width: 1200px;}"],"settings":{"gallery_style":"slider","show_description":false,"show_variant-media":true,"enable_shipping_policy":false,"content_divider_mobile":"none","carousel_height_desktop":"600px","carousel_height_mobile":"adapt","width":"half","style":"accordion","accordion_content_alignment":"right","content_heading":"","content":"","content_heading2":"","content2":"","content_heading3":"","content3":""}},"89753211-b284-41c3-8399-fd5c6c54300a":{"type":"image-with-text","disabled":true,"blocks":{"template--16740385390843__89753211-b284-41c3-8399-fd5c6c54300a-168355351572c51a23-0":{"type":"heading","settings":{"heading":"Image with text"}},"template--16740385390843__89753211-b284-41c3-8399-fd5c6c54300a-168355351572c51a23-1":{"type":"icon-with-text","settings":{"icon":"shipping","heading":"Icon with text","content":"<p>To provide clients insight into your brand, pair words with any image to introduce a new campaign.<\/p>"}},"template--16740385390843__89753211-b284-41c3-8399-fd5c6c54300a-168355351572c51a23-2":{"type":"icon-with-text","settings":{"icon":"shipping","heading":"Icon with text","content":"<p>To provide clients insight into your brand, pair words with any image to introduce a new campaign.<\/p>"}}},"block_order":["template--16740385390843__89753211-b284-41c3-8399-fd5c6c54300a-168355351572c51a23-0","template--16740385390843__89753211-b284-41c3-8399-fd5c6c54300a-168355351572c51a23-1","template--16740385390843__89753211-b284-41c3-8399-fd5c6c54300a-168355351572c51a23-2"],"settings":{"enable_fullwidth":false,"image_shadow":false,"image_alignment":"left","image_height":"aspect","content_position":"center","bgcolor":"primary","image_shadow_color":"#dddddd","top_space_desktop":60,"bottom_space_desktop":30,"top_space_mobile":30,"bottom_space_mobile":30}},"1e5c7b12-4efd-48b5-bbf7-fc25bf24b8f5":{"type":"image-with-text","disabled":true,"blocks":{"template--16740385390843__1e5c7b12-4efd-48b5-bbf7-fc25bf24b8f5-168355351572c51a23-0":{"type":"heading","settings":{"heading":"Image with text"}},"template--16740385390843__1e5c7b12-4efd-48b5-bbf7-fc25bf24b8f5-168355351572c51a23-1":{"type":"icon-with-text","settings":{"icon":"shipping","heading":"Icon with text","content":"<p>To provide clients insight into your brand, pair words with any image to introduce a new campaign.<\/p>"}},"template--16740385390843__1e5c7b12-4efd-48b5-bbf7-fc25bf24b8f5-168355351572c51a23-2":{"type":"icon-with-text","settings":{"icon":"shipping","heading":"Icon with text","content":"<p>To provide clients insight into your brand, pair words with any image to introduce a new campaign.<\/p>"}}},"block_order":["template--16740385390843__1e5c7b12-4efd-48b5-bbf7-fc25bf24b8f5-168355351572c51a23-0","template--16740385390843__1e5c7b12-4efd-48b5-bbf7-fc25bf24b8f5-168355351572c51a23-1","template--16740385390843__1e5c7b12-4efd-48b5-bbf7-fc25bf24b8f5-168355351572c51a23-2"],"settings":{"enable_fullwidth":false,"image_shadow":false,"image_alignment":"right","image_height":"aspect","content_position":"center","bgcolor":"primary","image_shadow_color":"#dddddd","top_space_desktop":30,"bottom_space_desktop":30,"top_space_mobile":30,"bottom_space_mobile":30}},"397927a0-20be-4da0-82d6-3ff3a002029a":{"type":"video-section","disabled":true,"settings":{"videofile":"https:\/\/www.youtube.com\/watch?v=_9VUPq3SxOc","fullwidth":true,"desktop_height":650,"mobile_height":350,"autoplay":true,"video_size":"cover","bg_pattern":"none","title":"Video Banner Heading Here","subtitle":"Video Banner Sub Heading Here","overlay_content":true,"title_color":"#000000","subtitle_color":"#000000","btn_color":"#000000","overlay_color":"#ffffff","overlay_opacity":0}},"1cd310d3-6aa1-43fa-9a0d-c4d492d86341":{"type":"lookbook","disabled":true,"blocks":{"template--16740385390843__1cd310d3-6aa1-43fa-9a0d-c4d492d86341-1683551608595695a0-0":{"type":"look","settings":{"collection":"","heading":"","product_item":[]}},"template--16740385390843__1cd310d3-6aa1-43fa-9a0d-c4d492d86341-1683551608595695a0-1":{"type":"look","settings":{"collection":"","heading":"","product_item":[]}},"template--16740385390843__1cd310d3-6aa1-43fa-9a0d-c4d492d86341-1683551608595695a0-2":{"type":"look","settings":{"collection":"","heading":"","product_item":[]}}},"block_order":["template--16740385390843__1cd310d3-6aa1-43fa-9a0d-c4d492d86341-1683551608595695a0-0","template--16740385390843__1cd310d3-6aa1-43fa-9a0d-c4d492d86341-1683551608595695a0-1","template--16740385390843__1cd310d3-6aa1-43fa-9a0d-c4d492d86341-1683551608595695a0-2"],"settings":{"bgcolor":"primary","top_space_desktop":0,"bottom_space_desktop":0,"top_space_mobile":0,"bottom_space_mobile":30}},"11528582-964d-438a-ab22-529327e3c27d":{"type":"rotating-text","disabled":true,"settings":{"text1":"<p>Add promotional text here<\/p>","text2":"","row1_font_family":"--font-family","row2_font_family":"--font-family","row1_direction":"left","row2_direction":"right","heading_font_size":28,"subheading_font_size":24,"section_border":true,"bgcolor":"#ffffff","bg_gradient_color":"","text1color":"#000000","outlinetext1color":"#000000","text2color":"#a56748","outlinetext2color":"#a56748","top_space_desktop":10,"bottom_space_desktop":10,"top_space_mobile":15,"bottom_space_mobile":15}},"product_recommendations":{"type":"product_recommendations","settings":{"heading":"Recommended Products","products_count":8}},"1686191346cad1aee2":{"type":"apps","blocks":{"de4b6037-f563-4fc6-8f0d-1d77826a05c2":{"type":"shopify:\/\/apps\/judge-me-product-reviews\/blocks\/review_widget\/61ccd3b1-a9f2-4160-9fe9-4fec8413e5d8","settings":{}}},"block_order":["de4b6037-f563-4fc6-8f0d-1d77826a05c2"],"settings":{"top_space_desktop":30,"bottom_space_desktop":30,"top_space_mobile":30,"bottom_space_mobile":30}}},"order":["main-product","89753211-b284-41c3-8399-fd5c6c54300a","1e5c7b12-4efd-48b5-bbf7-fc25bf24b8f5","397927a0-20be-4da0-82d6-3ff3a002029a","1cd310d3-6aa1-43fa-9a0d-c4d492d86341","11528582-964d-438a-ab22-529327e3c27d","product_recommendations","1686191346cad1aee2"]}