{"type":"footer","name":"Footer Group","sections":{"offer-sidebar":{"type":"offer-sidebar","disabled":true,"blocks":{"3c184a8c-b344-4a00-bcc1-815922498300":{"type":"offer","settings":{"heading":"Offer Title","highlight_text":"Offer","linktext":"Shop now","link":""}},"eefd02b4-3264-40df-b101-73e51cb795f3":{"type":"offer","settings":{"heading":"Offer Title","highlight_text":"Offer","linktext":"Shop now","link":""}},"00402ab2-7b93-4025-8025-b505a9224aa2":{"type":"offer","settings":{"heading":"Offer Title","highlight_text":"Offer","linktext":"Shop now","link":""}}},"block_order":["3c184a8c-b344-4a00-bcc1-815922498300","eefd02b4-3264-40df-b101-73e51cb795f3","00402ab2-7b93-4025-8025-b505a9224aa2"],"settings":{"enable_sidebar":false,"heading":"Heading Here","subheading":"Sub Heading Here","button_text":"Coupon","horizontal_position":"left","vertical_position":5,"btnbgcolor":"#46c0bf","btntextcolor":"#ffffff"}},"footer":{"type":"footer","blocks":{"7f8888a0-c33a-407c-a7a4-b16c76cf5425":{"type":"link_list","settings":{"heading":"About US","menu":"footer"}},"59a36a52-3fb3-4ad2-b44b-fc555f5f7d02":{"type":"link_list","settings":{"heading":"HELP&SUPPORT","menu":"tool-bar"}},"8a596f95-18bf-41f8-88a7-4973ae0d2b96":{"type":"text","settings":{"image_link":"","image_width":100,"heading":"☆ CONTACT US ☆","Email":"Superlovehair@outlook.com","Emaillink":"","WhatsApp":"27 843256666","WhatsApplink":"https:\/\/wa.me\/message\/RGNSFKPCP4NIE1","Mobile":"86 17698020280","Mobilelink":"https:\/\/api.whatsapp.com\/send?phone=8617698020280"}},"c062b941-f66b-4bdd-a8d9-b17c2ef58ce1":{"type":"newsletter","settings":{"heading":"FIND US","show_newsletter":true,"placeholder":"Email address","show_social":true}}},"block_order":["7f8888a0-c33a-407c-a7a4-b16c76cf5425","59a36a52-3fb3-4ad2-b44b-fc555f5f7d02","8a596f95-18bf-41f8-88a7-4973ae0d2b96","c062b941-f66b-4bdd-a8d9-b17c2ef58ce1"],"settings":{"image_width":110,"subtext":"","enable_language_selector":false,"enable_currency_selector":false,"payment_enable":true,"hide_copyright_content":true,"custom_copyright_content":"","show_policies":false,"footer_bg":"#000000","footer_heading":"#ffffff","footer_text":"#ffffff","footer_text_hover":"#3c3c3c"}}},"order":["offer-sidebar","footer"]}