{"type":"header","name":"Header Group","sections":{"announcement-bar":{"type":"announcement-bar","blocks":{"fec792eb-1815-4f3f-a124-64bc23d77ae3":{"type":"announcement","settings":{"icon":"none","first_text":"Limited price：Only R499 Click To Buy","date":"","btn":"","link":"shopify:\/\/collections\/pixie-wig"}},"40fe5a5a-0a3f-4578-a717-72a7b20bf568":{"type":"announcement","settings":{"icon":"none","first_text":"Free Shipping ：Ship In 24 Hours, 2-4 Days Delivery","date":"","btn":"","link":"shopify:\/\/collections\/best-selling-products"}},"3749cb17-9396-40a1-b528-00dbf43f17b0":{"type":"announcement","settings":{"icon":"none","first_text":"Up To R500 OFF：Discount Code:BF15","date":"","btn":"","link":"shopify:\/\/collections\/best-selling-products"}}},"block_order":["fec792eb-1815-4f3f-a124-64bc23d77ae3","40fe5a5a-0a3f-4578-a717-72a7b20bf568","3749cb17-9396-40a1-b528-00dbf43f17b0"],"settings":{"show_bar":true,"layout":"carousel","show_close":false,"carousel_rotate":false,"carousel_interval":4,"marquee_direction":"left","marquee_speed":4,"enable_language_selector":false,"enable_currency_selector":false,"fontcolor":"#ffffff","bg_style":"solid","bgcolor":"#000000","bgcolor2":"","btn_bgcolor":"#000000","btn_fontcolor":"#ffffff","bborder_color":"#ffffff"}},"header":{"type":"header","blocks":{"063cd1e6-4998-41da-9fe2-b209a85f146e":{"type":"style-1","disabled":true,"settings":{"title":"","show_submenu":true,"product1":"12a-brazilian-french-curly-human-hair-3-bundles-with-lace-frontal-closure-with-bundles-ear-to-ear-lace-frontal-remy-hair-natural-black","product2":"","product3":"","product4":"","product5":"","product6":""}}},"block_order":["063cd1e6-4998-41da-9fe2-b209a85f146e"],"settings":{"header_style":"header2","enable_sticky_header":false,"enable_transparent_header":false,"logo":"shopify:\/\/shop_images\/logo.png","logo_width":80,"logo_position":"center","menu_navigations":"hover","menu":"main-menu","type_font_size":15,"menu_position":"center","enable_catalog":false,"view_catalog":"View catalog","catalog_menu":"main-menu","trust_badge_link":"","show_search":true,"cart_icon":"cart","icon_weight":"thin","enable_language_selector":true,"enable_currency_selector":true,"header_bgcolor":"#eeeeee","header_textcolor":"#000000","header_textcolor_hover":"#9b9b9b","transparent_text_color":"#000000","hamburger_bgcolor":"#4d473f","hamburger_textcolor":"#ffffff","hamburger_textcolor_hover":"#9b9b9b","mobile_menu_bg_color":"#000000","mobile_menu_text_color":"#ffffff","sub-menu_text_color":"#ffffff","catalogmenu_bg":"#ffffff","catologtext_color":"#000000","catologtext_hover":"#8f826b","catalog_bg":"#ffffff","catalog_text":"#000000","catalog_text_border":"#ededed","searchbar_icon_bg":"#ededed"}}},"order":["announcement-bar","header"]}